build,size,drawer,phase,t_ms,scrollLeft,drawerLeft
main,800,pad,open,0,0,800
main,800,pad,open,3,548,252
main,800,pad,open,13,506,252
main,800,pad,open,30,428,252
main,800,pad,open,46,355,252
main,800,pad,open,63,287,252
main,800,pad,open,79,224,252
main,800,pad,open,96,167,252
main,800,pad,open,113,117,252
main,800,pad,open,130,73,252
main,800,pad,open,146,38,252
main,800,pad,open,163,13,252
main,800,pad,open,179,1,252
main,800,pad,open,196,0,252
main,800,pad,open,213,0,252
main,800,pad,open,230,0,252
main,800,pad,open,246,0,252
main,800,pad,open,263,0,252
main,800,pad,open,280,0,252
main,800,pad,open,296,0,252
main,800,pad,open,313,0,252
main,800,pad,open,330,0,252
main,800,pad,open,346,0,252
main,800,pad,open,363,0,252
main,800,pad,open,380,0,252
main,800,pad,open,396,0,252
main,800,pad,open,413,0,252
main,800,pad,open,430,0,252
main,800,pad,open,446,0,252
main,800,pad,open,463,0,252
main,800,pad,open,480,0,252
main,800,pad,open,496,0,252
main,800,pad,open,513,0,252
main,800,pad,open,530,0,252
main,800,pad,open,546,0,252
main,800,pad,open,563,0,252
main,800,pad,open,580,0,252
main,800,pad,open,596,0,252
main,800,pad,open,613,0,252
main,800,pad,open,630,0,252
main,800,pad,open,646,0,252
main,800,pad,open,663,0,252
main,800,pad,open,680,0,252
main,800,pad,open,696,0,252
main,800,pad,open,713,0,252
main,800,pad,open,730,0,252
main,800,pad,open,746,0,252
main,800,pad,open,763,0,252
main,800,pad,open,780,0,252
main,800,pad,open,797,0,252
main,800,pad,open,813,0,252
main,800,pad,open,830,0,252
main,800,pad,open,846,0,252
main,800,pad,open,863,0,252
main,800,pad,open,880,0,252
main,800,pad,open,896,0,252
main,800,pad,open,913,0,252
main,800,pad,close,0,0,252
main,800,pad,close,1,0,252
main,800,pad,close,15,0,334
main,800,pad,close,32,0,409
main,800,pad,close,48,0,480
main,800,pad,close,66,0,545
main,800,pad,close,82,0,605
main,800,pad,close,98,0,659
main,800,pad,close,115,0,706
main,800,pad,close,132,0,745
main,800,pad,close,148,0,776
main,800,pad,close,165,0,795
main,800,pad,close,182,0,800
main,800,pad,close,199,0,800
main,800,pad,close,215,0,800
main,800,pad,close,232,0,800
main,800,pad,close,248,0,800
main,800,pad,close,265,0,800
main,800,pad,close,282,0,800
main,800,pad,close,298,0,800
main,800,pad,close,315,0,800
main,800,pad,close,332,0,800
main,800,pad,close,349,0,800
main,800,pad,close,377,0,800
main,800,pad,close,382,0,800
main,800,pad,close,398,0,800
main,800,pad,close,415,0,800
main,800,pad,close,432,0,800
main,800,pad,close,448,0,800
main,800,pad,close,465,0,800
main,800,pad,close,482,0,800
main,800,pad,close,498,0,800
main,800,pad,close,515,0,800
main,800,pad,close,532,0,800
main,800,pad,close,548,0,800
main,800,pad,close,565,0,800
main,800,pad,close,582,0,800
main,800,pad,close,599,0,800
main,800,pad,close,615,0,800
main,800,pad,close,632,0,800
main,800,pad,close,648,0,800
main,800,pad,close,665,0,800
main,800,pad,close,682,0,800
main,800,pad,close,698,0,800
main,800,pad,close,716,0,800
main,800,pad,close,732,0,800
main,800,pad,close,748,0,800
main,800,pad,close,765,0,800
main,800,pad,close,782,0,800
main,800,pad,close,798,0,800
main,800,pad,close,815,0,800
main,800,pad,close,832,0,800
main,800,pad,close,848,0,800
main,800,pad,close,865,0,800
main,800,pad,close,882,0,800
main,800,pad,close,898,0,800
main,800,pad,close,915,0,800
main,800,todo,open,0,0,800
main,800,todo,open,1,548,252
main,800,todo,open,15,467,252
main,800,todo,open,32,390,252
main,800,todo,open,49,320,252
main,800,todo,open,66,255,252
main,800,todo,open,82,195,252
main,800,todo,open,99,141,252
main,800,todo,open,116,94,252
main,800,todo,open,132,55,252
main,800,todo,open,149,24,252
main,800,todo,open,166,5,252
main,800,todo,open,182,0,252
main,800,todo,open,199,0,252
main,800,todo,open,216,0,252
main,800,todo,open,232,0,252
main,800,todo,open,249,0,252
main,800,todo,open,265,0,252
main,800,todo,open,282,0,252
main,800,todo,open,299,0,252
main,800,todo,open,316,0,252
main,800,todo,open,332,0,252
main,800,todo,open,349,0,252
main,800,todo,open,365,0,252
main,800,todo,open,382,0,252
main,800,todo,open,399,0,252
main,800,todo,open,416,0,252
main,800,todo,open,433,0,252
main,800,todo,open,449,0,252
main,800,todo,open,466,0,252
main,800,todo,open,482,0,252
main,800,todo,open,499,0,252
main,800,todo,open,516,0,252
main,800,todo,open,532,0,252
main,800,todo,open,550,0,252
main,800,todo,open,565,0,252
main,800,todo,open,582,0,252
main,800,todo,open,599,0,252
main,800,todo,open,616,0,252
main,800,todo,open,632,0,252
main,800,todo,open,649,0,252
main,800,todo,open,666,0,252
main,800,todo,open,682,0,252
main,800,todo,open,699,0,252
main,800,todo,open,716,0,252
main,800,todo,open,732,0,252
main,800,todo,open,749,0,252
main,800,todo,open,766,0,252
main,800,todo,open,782,0,252
main,800,todo,open,799,0,252
main,800,todo,open,816,0,252
main,800,todo,open,832,0,252
main,800,todo,open,849,0,252
main,800,todo,open,866,0,252
main,800,todo,open,882,0,252
main,800,todo,open,899,0,252
main,800,todo,open,916,0,252
main,800,todo,close,0,0,252
main,800,todo,close,1,0,252
main,800,todo,close,15,0,334
main,800,todo,close,40,0,409
main,800,todo,close,49,0,480
main,800,todo,close,65,0,545
main,800,todo,close,82,0,605
main,800,todo,close,99,0,659
main,800,todo,close,115,0,706
main,800,todo,close,132,0,745
main,800,todo,close,150,0,776
main,800,todo,close,165,0,795
main,800,todo,close,182,0,800
main,800,todo,close,198,0,800
main,800,todo,close,215,0,800
main,800,todo,close,232,0,800
main,800,todo,close,248,0,800
main,800,todo,close,265,0,800
main,800,todo,close,282,0,800
main,800,todo,close,299,0,800
main,800,todo,close,315,0,800
main,800,todo,close,332,0,800
main,800,todo,close,348,0,800
main,800,todo,close,365,0,800
main,800,todo,close,382,0,800
main,800,todo,close,398,0,800
main,800,todo,close,415,0,800
main,800,todo,close,432,0,800
main,800,todo,close,448,0,800
main,800,todo,close,465,0,800
main,800,todo,close,482,0,800
main,800,todo,close,498,0,800
main,800,todo,close,515,0,800
main,800,todo,close,532,0,800
main,800,todo,close,549,0,800
main,800,todo,close,565,0,800
main,800,todo,close,582,0,800
main,800,todo,close,599,0,800
main,800,todo,close,615,0,800
main,800,todo,close,632,0,800
main,800,todo,close,649,0,800
main,800,todo,close,665,0,800
main,800,todo,close,682,0,800
main,800,todo,close,699,0,800
main,800,todo,close,715,0,800
main,800,todo,close,732,0,800
main,800,todo,close,748,0,800
main,800,todo,close,765,0,800
main,800,todo,close,782,0,800
main,800,todo,close,798,0,800
main,800,todo,close,815,0,800
main,800,todo,close,832,0,800
main,800,todo,close,848,0,800
main,800,todo,close,865,0,800
main,800,todo,close,882,0,800
main,800,todo,close,898,0,800
main,800,todo,close,915,0,800
main,1600,pad,open,0,0,1600
main,1600,pad,open,4,560,1040
main,1600,pad,open,12,517,1040
main,1600,pad,open,29,437,1040
main,1600,pad,open,45,363,1040
main,1600,pad,open,62,293,1040
main,1600,pad,open,79,230,1040
main,1600,pad,open,95,171,1040
main,1600,pad,open,112,119,1040
main,1600,pad,open,129,75,1040
main,1600,pad,open,145,39,1040
main,1600,pad,open,162,13,1040
main,1600,pad,open,179,1,1040
main,1600,pad,open,195,0,1040
main,1600,pad,open,212,0,1040
main,1600,pad,open,229,0,1040
main,1600,pad,open,245,0,1040
main,1600,pad,open,262,0,1040
main,1600,pad,open,279,0,1040
main,1600,pad,open,295,0,1040
main,1600,pad,open,312,0,1040
main,1600,pad,open,329,0,1040
main,1600,pad,open,345,0,1040
main,1600,pad,open,362,0,1040
main,1600,pad,open,379,0,1040
main,1600,pad,open,395,0,1040
main,1600,pad,open,412,0,1040
main,1600,pad,open,429,0,1040
main,1600,pad,open,445,0,1040
main,1600,pad,open,462,0,1040
main,1600,pad,open,479,0,1040
main,1600,pad,open,495,0,1040
main,1600,pad,open,512,0,1040
main,1600,pad,open,529,0,1040
main,1600,pad,open,545,0,1040
main,1600,pad,open,565,0,1040
main,1600,pad,open,579,0,1040
main,1600,pad,open,595,0,1040
main,1600,pad,open,612,0,1040
main,1600,pad,open,629,0,1040
main,1600,pad,open,646,0,1040
main,1600,pad,open,662,0,1040
main,1600,pad,open,679,0,1040
main,1600,pad,open,697,0,1040
main,1600,pad,open,712,0,1040
main,1600,pad,open,729,0,1040
main,1600,pad,open,745,0,1040
main,1600,pad,open,762,0,1040
main,1600,pad,open,779,0,1040
main,1600,pad,open,795,0,1040
main,1600,pad,open,812,0,1040
main,1600,pad,open,829,0,1040
main,1600,pad,open,845,0,1040
main,1600,pad,open,862,0,1040
main,1600,pad,open,879,0,1040
main,1600,pad,open,896,0,1040
main,1600,pad,open,912,0,1040
main,1600,pad,close,0,0,1040
main,1600,pad,close,2,0,1040
main,1600,pad,close,15,0,1123
main,1600,pad,close,32,0,1201
main,1600,pad,close,49,0,1273
main,1600,pad,close,66,0,1340
main,1600,pad,close,82,0,1400
main,1600,pad,close,99,0,1456
main,1600,pad,close,115,0,1504
main,1600,pad,close,132,0,1544
main,1600,pad,close,149,0,1575
main,1600,pad,close,165,0,1595
main,1600,pad,close,183,0,1600
main,1600,pad,close,199,0,1600
main,1600,pad,close,215,0,1600
main,1600,pad,close,232,0,1600
main,1600,pad,close,249,0,1600
main,1600,pad,close,265,0,1600
main,1600,pad,close,282,0,1600
main,1600,pad,close,299,0,1600
main,1600,pad,close,315,0,1600
main,1600,pad,close,333,0,1600
main,1600,pad,close,349,0,1600
main,1600,pad,close,365,0,1600
main,1600,pad,close,382,0,1600
main,1600,pad,close,399,0,1600
main,1600,pad,close,415,0,1600
main,1600,pad,close,432,0,1600
main,1600,pad,close,449,0,1600
main,1600,pad,close,465,0,1600
main,1600,pad,close,482,0,1600
main,1600,pad,close,499,0,1600
main,1600,pad,close,516,0,1600
main,1600,pad,close,532,0,1600
main,1600,pad,close,549,0,1600
main,1600,pad,close,565,0,1600
main,1600,pad,close,582,0,1600
main,1600,pad,close,599,0,1600
main,1600,pad,close,615,0,1600
main,1600,pad,close,632,0,1600
main,1600,pad,close,649,0,1600
main,1600,pad,close,665,0,1600
main,1600,pad,close,682,0,1600
main,1600,pad,close,699,0,1600
main,1600,pad,close,715,0,1600
main,1600,pad,close,732,0,1600
main,1600,pad,close,749,0,1600
main,1600,pad,close,765,0,1600
main,1600,pad,close,782,0,1600
main,1600,pad,close,799,0,1600
main,1600,pad,close,815,0,1600
main,1600,pad,close,832,0,1600
main,1600,pad,close,849,0,1600
main,1600,pad,close,865,0,1600
main,1600,pad,close,882,0,1600
main,1600,pad,close,899,0,1600
main,1600,pad,close,915,0,1600
main,1600,todo,open,0,0,1600
main,1600,todo,open,2,560,1040
main,1600,todo,open,15,476,1040
main,1600,todo,open,32,399,1040
main,1600,todo,open,49,327,1040
main,1600,todo,open,65,260,1040
main,1600,todo,open,82,199,1040
main,1600,todo,open,99,144,1040
main,1600,todo,open,115,96,1040
main,1600,todo,open,132,56,1040
main,1600,todo,open,148,25,1040
main,1600,todo,open,165,5,1040
main,1600,todo,open,182,0,1040
main,1600,todo,open,199,0,1040
main,1600,todo,open,215,0,1040
main,1600,todo,open,232,0,1040
main,1600,todo,open,248,0,1040
main,1600,todo,open,265,0,1040
main,1600,todo,open,282,0,1040
main,1600,todo,open,298,0,1040
main,1600,todo,open,315,0,1040
main,1600,todo,open,332,0,1040
main,1600,todo,open,349,0,1040
main,1600,todo,open,365,0,1040
main,1600,todo,open,382,0,1040
main,1600,todo,open,398,0,1040
main,1600,todo,open,415,0,1040
main,1600,todo,open,432,0,1040
main,1600,todo,open,449,0,1040
main,1600,todo,open,465,0,1040
main,1600,todo,open,482,0,1040
main,1600,todo,open,498,0,1040
main,1600,todo,open,515,0,1040
main,1600,todo,open,532,0,1040
main,1600,todo,open,548,0,1040
main,1600,todo,open,565,0,1040
main,1600,todo,open,582,0,1040
main,1600,todo,open,598,0,1040
main,1600,todo,open,615,0,1040
main,1600,todo,open,632,0,1040
main,1600,todo,open,648,0,1040
main,1600,todo,open,665,0,1040
main,1600,todo,open,682,0,1040
main,1600,todo,open,698,0,1040
main,1600,todo,open,715,0,1040
main,1600,todo,open,732,0,1040
main,1600,todo,open,749,0,1040
main,1600,todo,open,765,0,1040
main,1600,todo,open,782,0,1040
main,1600,todo,open,799,0,1040
main,1600,todo,open,815,0,1040
main,1600,todo,open,832,0,1040
main,1600,todo,open,849,0,1040
main,1600,todo,open,865,0,1040
main,1600,todo,open,882,0,1040
main,1600,todo,open,899,0,1040
main,1600,todo,open,915,0,1040
main,1600,todo,close,0,0,1040
main,1600,todo,close,1,0,1040
main,1600,todo,close,15,0,1124
main,1600,todo,close,32,0,1201
main,1600,todo,close,49,0,1273
main,1600,todo,close,65,0,1340
main,1600,todo,close,82,0,1401
main,1600,todo,close,99,0,1456
main,1600,todo,close,115,0,1504
main,1600,todo,close,132,0,1544
main,1600,todo,close,149,0,1575
main,1600,todo,close,165,0,1595
main,1600,todo,close,186,0,1600
main,1600,todo,close,199,0,1600
main,1600,todo,close,215,0,1600
main,1600,todo,close,232,0,1600
main,1600,todo,close,249,0,1600
main,1600,todo,close,265,0,1600
main,1600,todo,close,282,0,1600
main,1600,todo,close,299,0,1600
main,1600,todo,close,316,0,1600
main,1600,todo,close,332,0,1600
main,1600,todo,close,349,0,1600
main,1600,todo,close,366,0,1600
main,1600,todo,close,382,0,1600
main,1600,todo,close,399,0,1600
main,1600,todo,close,415,0,1600
main,1600,todo,close,432,0,1600
main,1600,todo,close,449,0,1600
main,1600,todo,close,465,0,1600
main,1600,todo,close,482,0,1600
main,1600,todo,close,499,0,1600
main,1600,todo,close,515,0,1600
main,1600,todo,close,532,0,1600
main,1600,todo,close,549,0,1600
main,1600,todo,close,565,0,1600
main,1600,todo,close,582,0,1600
main,1600,todo,close,599,0,1600
main,1600,todo,close,615,0,1600
main,1600,todo,close,632,0,1600
main,1600,todo,close,649,0,1600
main,1600,todo,close,665,0,1600
main,1600,todo,close,682,0,1600
main,1600,todo,close,699,0,1600
main,1600,todo,close,715,0,1600
main,1600,todo,close,732,0,1600
main,1600,todo,close,749,0,1600
main,1600,todo,close,765,0,1600
main,1600,todo,close,782,0,1600
main,1600,todo,close,799,0,1600
main,1600,todo,close,815,0,1600
main,1600,todo,close,832,0,1600
main,1600,todo,close,849,0,1600
main,1600,todo,close,865,0,1600
main,1600,todo,close,882,0,1600
main,1600,todo,close,899,0,1600
main,1600,todo,close,915,0,1600
pr,800,pad,open,0,0,800
pr,800,pad,open,2,0,800
pr,800,pad,open,13,0,758
pr,800,pad,open,29,0,680
pr,800,pad,open,46,0,607
pr,800,pad,open,63,0,539
pr,800,pad,open,79,0,476
pr,800,pad,open,96,0,419
pr,800,pad,open,113,0,369
pr,800,pad,open,129,0,325
pr,800,pad,open,146,0,290
pr,800,pad,open,163,0,265
pr,800,pad,open,180,0,253
pr,800,pad,open,196,0,252
pr,800,pad,open,213,0,252
pr,800,pad,open,229,0,252
pr,800,pad,open,246,0,252
pr,800,pad,open,263,0,252
pr,800,pad,open,279,0,252
pr,800,pad,open,296,0,252
pr,800,pad,open,313,0,252
pr,800,pad,open,329,0,252
pr,800,pad,open,346,0,252
pr,800,pad,open,363,0,252
pr,800,pad,open,379,0,252
pr,800,pad,open,396,0,252
pr,800,pad,open,413,0,252
pr,800,pad,open,429,0,252
pr,800,pad,open,446,0,252
pr,800,pad,open,463,0,252
pr,800,pad,open,479,0,252
pr,800,pad,open,496,0,252
pr,800,pad,open,513,0,252
pr,800,pad,open,529,0,252
pr,800,pad,open,546,0,252
pr,800,pad,open,563,0,252
pr,800,pad,open,579,0,252
pr,800,pad,open,596,0,252
pr,800,pad,open,613,0,252
pr,800,pad,open,630,0,252
pr,800,pad,open,646,0,252
pr,800,pad,open,663,0,252
pr,800,pad,open,679,0,252
pr,800,pad,open,697,0,252
pr,800,pad,open,713,0,252
pr,800,pad,open,729,0,252
pr,800,pad,open,746,0,252
pr,800,pad,open,763,0,252
pr,800,pad,open,779,0,252
pr,800,pad,open,796,0,252
pr,800,pad,open,812,0,252
pr,800,pad,open,829,0,252
pr,800,pad,open,846,0,252
pr,800,pad,open,863,0,252
pr,800,pad,open,879,0,252
pr,800,pad,open,896,0,252
pr,800,pad,open,913,0,252
pr,800,pad,close,0,0,252
pr,800,pad,close,1,0,252
pr,800,pad,close,15,0,333
pr,800,pad,close,32,0,409
pr,800,pad,close,49,0,480
pr,800,pad,close,65,0,545
pr,800,pad,close,82,0,605
pr,800,pad,close,99,0,659
pr,800,pad,close,115,0,706
pr,800,pad,close,133,0,745
pr,800,pad,close,149,0,776
pr,800,pad,close,166,0,795
pr,800,pad,close,183,0,800
pr,800,pad,close,199,0,800
pr,800,pad,close,216,0,800
pr,800,pad,close,232,0,800
pr,800,pad,close,249,0,800
pr,800,pad,close,266,0,800
pr,800,pad,close,282,0,800
pr,800,pad,close,299,0,800
pr,800,pad,close,315,0,800
pr,800,pad,close,332,0,800
pr,800,pad,close,349,0,800
pr,800,pad,close,365,0,800
pr,800,pad,close,383,0,800
pr,800,pad,close,399,0,800
pr,800,pad,close,415,0,800
pr,800,pad,close,432,0,800
pr,800,pad,close,449,0,800
pr,800,pad,close,465,0,800
pr,800,pad,close,482,0,800
pr,800,pad,close,499,0,800
pr,800,pad,close,516,0,800
pr,800,pad,close,532,0,800
pr,800,pad,close,549,0,800
pr,800,pad,close,565,0,800
pr,800,pad,close,582,0,800
pr,800,pad,close,599,0,800
pr,800,pad,close,616,0,800
pr,800,pad,close,632,0,800
pr,800,pad,close,649,0,800
pr,800,pad,close,665,0,800
pr,800,pad,close,682,0,800
pr,800,pad,close,699,0,800
pr,800,pad,close,715,0,800
pr,800,pad,close,732,0,800
pr,800,pad,close,749,0,800
pr,800,pad,close,765,0,800
pr,800,pad,close,782,0,800
pr,800,pad,close,799,0,800
pr,800,pad,close,815,0,800
pr,800,pad,close,832,0,800
pr,800,pad,close,849,0,800
pr,800,pad,close,866,0,800
pr,800,pad,close,882,0,800
pr,800,pad,close,899,0,800
pr,800,pad,close,916,0,800
pr,800,todo,open,0,0,800
pr,800,todo,open,3,0,800
pr,800,todo,open,15,0,718
pr,800,todo,open,31,0,643
pr,800,todo,open,48,0,572
pr,800,todo,open,65,0,507
pr,800,todo,open,81,0,447
pr,800,todo,open,98,0,393
pr,800,todo,open,115,0,346
pr,800,todo,open,131,0,307
pr,800,todo,open,148,0,276
pr,800,todo,open,165,0,257
pr,800,todo,open,182,0,252
pr,800,todo,open,198,0,252
pr,800,todo,open,215,0,252
pr,800,todo,open,232,0,252
pr,800,todo,open,248,0,252
pr,800,todo,open,265,0,252
pr,800,todo,open,281,0,252
pr,800,todo,open,298,0,252
pr,800,todo,open,315,0,252
pr,800,todo,open,332,0,252
pr,800,todo,open,349,0,252
pr,800,todo,open,365,0,252
pr,800,todo,open,381,0,252
pr,800,todo,open,398,0,252
pr,800,todo,open,415,0,252
pr,800,todo,open,432,0,252
pr,800,todo,open,448,0,252
pr,800,todo,open,465,0,252
pr,800,todo,open,481,0,252
pr,800,todo,open,498,0,252
pr,800,todo,open,515,0,252
pr,800,todo,open,532,0,252
pr,800,todo,open,548,0,252
pr,800,todo,open,565,0,252
pr,800,todo,open,582,0,252
pr,800,todo,open,598,0,252
pr,800,todo,open,615,0,252
pr,800,todo,open,631,0,252
pr,800,todo,open,648,0,252
pr,800,todo,open,665,0,252
pr,800,todo,open,681,0,252
pr,800,todo,open,698,0,252
pr,800,todo,open,715,0,252
pr,800,todo,open,731,0,252
pr,800,todo,open,748,0,252
pr,800,todo,open,765,0,252
pr,800,todo,open,782,0,252
pr,800,todo,open,798,0,252
pr,800,todo,open,815,0,252
pr,800,todo,open,832,0,252
pr,800,todo,open,848,0,252
pr,800,todo,open,865,0,252
pr,800,todo,open,881,0,252
pr,800,todo,open,898,0,252
pr,800,todo,open,915,0,252
pr,800,todo,close,0,0,252
pr,800,todo,close,1,0,252
pr,800,todo,close,15,0,334
pr,800,todo,close,32,0,409
pr,800,todo,close,49,0,480
pr,800,todo,close,66,0,545
pr,800,todo,close,82,0,605
pr,800,todo,close,99,0,659
pr,800,todo,close,116,0,706
pr,800,todo,close,132,0,745
pr,800,todo,close,149,0,776
pr,800,todo,close,166,0,795
pr,800,todo,close,183,0,800
pr,800,todo,close,199,0,800
pr,800,todo,close,216,0,800
pr,800,todo,close,232,0,800
pr,800,todo,close,249,0,800
pr,800,todo,close,265,0,800
pr,800,todo,close,282,0,800
pr,800,todo,close,299,0,800
pr,800,todo,close,316,0,800
pr,800,todo,close,332,0,800
pr,800,todo,close,349,0,800
pr,800,todo,close,366,0,800
pr,800,todo,close,382,0,800
pr,800,todo,close,399,0,800
pr,800,todo,close,415,0,800
pr,800,todo,close,432,0,800
pr,800,todo,close,449,0,800
pr,800,todo,close,466,0,800
pr,800,todo,close,483,0,800
pr,800,todo,close,499,0,800
pr,800,todo,close,515,0,800
pr,800,todo,close,532,0,800
pr,800,todo,close,549,0,800
pr,800,todo,close,565,0,800
pr,800,todo,close,582,0,800
pr,800,todo,close,599,0,800
pr,800,todo,close,615,0,800
pr,800,todo,close,632,0,800
pr,800,todo,close,649,0,800
pr,800,todo,close,665,0,800
pr,800,todo,close,682,0,800
pr,800,todo,close,699,0,800
pr,800,todo,close,716,0,800
pr,800,todo,close,732,0,800
pr,800,todo,close,749,0,800
pr,800,todo,close,765,0,800
pr,800,todo,close,782,0,800
pr,800,todo,close,799,0,800
pr,800,todo,close,815,0,800
pr,800,todo,close,832,0,800
pr,800,todo,close,849,0,800
pr,800,todo,close,865,0,800
pr,800,todo,close,882,0,800
pr,800,todo,close,899,0,800
pr,800,todo,close,916,0,800
pr,1600,pad,open,0,0,1600
pr,1600,pad,open,4,0,1600
pr,1600,pad,open,12,0,1557
pr,1600,pad,open,29,0,1477
pr,1600,pad,open,45,0,1403
pr,1600,pad,open,63,0,1333
pr,1600,pad,open,79,0,1269
pr,1600,pad,open,95,0,1211
pr,1600,pad,open,112,0,1159
pr,1600,pad,open,129,0,1115
pr,1600,pad,open,145,0,1079
pr,1600,pad,open,162,0,1054
pr,1600,pad,open,179,0,1041
pr,1600,pad,open,195,0,1040
pr,1600,pad,open,212,0,1040
pr,1600,pad,open,229,0,1040
pr,1600,pad,open,245,0,1040
pr,1600,pad,open,262,0,1040
pr,1600,pad,open,279,0,1040
pr,1600,pad,open,296,0,1040
pr,1600,pad,open,312,0,1040
pr,1600,pad,open,329,0,1040
pr,1600,pad,open,345,0,1040
pr,1600,pad,open,362,0,1040
pr,1600,pad,open,379,0,1040
pr,1600,pad,open,395,0,1040
pr,1600,pad,open,412,0,1040
pr,1600,pad,open,429,0,1040
pr,1600,pad,open,445,0,1040
pr,1600,pad,open,462,0,1040
pr,1600,pad,open,478,0,1040
pr,1600,pad,open,495,0,1040
pr,1600,pad,open,512,0,1040
pr,1600,pad,open,529,0,1040
pr,1600,pad,open,545,0,1040
pr,1600,pad,open,562,0,1040
pr,1600,pad,open,579,0,1040
pr,1600,pad,open,595,0,1040
pr,1600,pad,open,612,0,1040
pr,1600,pad,open,629,0,1040
pr,1600,pad,open,645,0,1040
pr,1600,pad,open,662,0,1040
pr,1600,pad,open,679,0,1040
pr,1600,pad,open,695,0,1040
pr,1600,pad,open,712,0,1040
pr,1600,pad,open,729,0,1040
pr,1600,pad,open,745,0,1040
pr,1600,pad,open,762,0,1040
pr,1600,pad,open,780,0,1040
pr,1600,pad,open,796,0,1040
pr,1600,pad,open,812,0,1040
pr,1600,pad,open,829,0,1040
pr,1600,pad,open,845,0,1040
pr,1600,pad,open,862,0,1040
pr,1600,pad,open,878,0,1040
pr,1600,pad,open,895,0,1040
pr,1600,pad,open,912,0,1040
pr,1600,pad,close,0,0,1040
pr,1600,pad,close,1,0,1040
pr,1600,pad,close,15,0,1124
pr,1600,pad,close,32,0,1201
pr,1600,pad,close,48,0,1273
pr,1600,pad,close,65,0,1340
pr,1600,pad,close,82,0,1401
pr,1600,pad,close,99,0,1456
pr,1600,pad,close,115,0,1504
pr,1600,pad,close,132,0,1544
pr,1600,pad,close,148,0,1575
pr,1600,pad,close,165,0,1595
pr,1600,pad,close,183,0,1600
pr,1600,pad,close,199,0,1600
pr,1600,pad,close,215,0,1600
pr,1600,pad,close,232,0,1600
pr,1600,pad,close,248,0,1600
pr,1600,pad,close,265,0,1600
pr,1600,pad,close,282,0,1600
pr,1600,pad,close,299,0,1600
pr,1600,pad,close,315,0,1600
pr,1600,pad,close,332,0,1600
pr,1600,pad,close,348,0,1600
pr,1600,pad,close,365,0,1600
pr,1600,pad,close,382,0,1600
pr,1600,pad,close,399,0,1600
pr,1600,pad,close,415,0,1600
pr,1600,pad,close,432,0,1600
pr,1600,pad,close,449,0,1600
pr,1600,pad,close,465,0,1600
pr,1600,pad,close,482,0,1600
pr,1600,pad,close,499,0,1600
pr,1600,pad,close,515,0,1600
pr,1600,pad,close,532,0,1600
pr,1600,pad,close,548,0,1600
pr,1600,pad,close,565,0,1600
pr,1600,pad,close,582,0,1600
pr,1600,pad,close,599,0,1600
pr,1600,pad,close,615,0,1600
pr,1600,pad,close,632,0,1600
pr,1600,pad,close,648,0,1600
pr,1600,pad,close,665,0,1600
pr,1600,pad,close,682,0,1600
pr,1600,pad,close,699,0,1600
pr,1600,pad,close,715,0,1600
pr,1600,pad,close,732,0,1600
pr,1600,pad,close,749,0,1600
pr,1600,pad,close,765,0,1600
pr,1600,pad,close,782,0,1600
pr,1600,pad,close,799,0,1600
pr,1600,pad,close,815,0,1600
pr,1600,pad,close,832,0,1600
pr,1600,pad,close,848,0,1600
pr,1600,pad,close,865,0,1600
pr,1600,pad,close,882,0,1600
pr,1600,pad,close,899,0,1600
pr,1600,pad,close,915,0,1600
pr,1600,todo,open,0,0,1600
pr,1600,todo,open,2,0,1600
pr,1600,todo,open,15,0,1516
pr,1600,todo,open,32,0,1440
pr,1600,todo,open,48,0,1367
pr,1600,todo,open,65,0,1301
pr,1600,todo,open,82,0,1239
pr,1600,todo,open,99,0,1184
pr,1600,todo,open,115,0,1136
pr,1600,todo,open,132,0,1096
pr,1600,todo,open,148,0,1065
pr,1600,todo,open,165,0,1045
pr,1600,todo,open,182,0,1040
pr,1600,todo,open,198,0,1040
pr,1600,todo,open,215,0,1040
pr,1600,todo,open,232,0,1040
pr,1600,todo,open,248,0,1040
pr,1600,todo,open,265,0,1040
pr,1600,todo,open,282,0,1040
pr,1600,todo,open,298,0,1040
pr,1600,todo,open,315,0,1040
pr,1600,todo,open,332,0,1040
pr,1600,todo,open,348,0,1040
pr,1600,todo,open,365,0,1040
pr,1600,todo,open,382,0,1040
pr,1600,todo,open,398,0,1040
pr,1600,todo,open,415,0,1040
pr,1600,todo,open,432,0,1040
pr,1600,todo,open,449,0,1040
pr,1600,todo,open,465,0,1040
pr,1600,todo,open,482,0,1040
pr,1600,todo,open,498,0,1040
pr,1600,todo,open,515,0,1040
pr,1600,todo,open,532,0,1040
pr,1600,todo,open,548,0,1040
pr,1600,todo,open,565,0,1040
pr,1600,todo,open,582,0,1040
pr,1600,todo,open,599,0,1040
pr,1600,todo,open,615,0,1040
pr,1600,todo,open,639,0,1040
pr,1600,todo,open,649,0,1040
pr,1600,todo,open,666,0,1040
pr,1600,todo,open,682,0,1040
pr,1600,todo,open,699,0,1040
pr,1600,todo,open,715,0,1040
pr,1600,todo,open,732,0,1040
pr,1600,todo,open,748,0,1040
pr,1600,todo,open,765,0,1040
pr,1600,todo,open,782,0,1040
pr,1600,todo,open,799,0,1040
pr,1600,todo,open,815,0,1040
pr,1600,todo,open,832,0,1040
pr,1600,todo,open,849,0,1040
pr,1600,todo,open,865,0,1040
pr,1600,todo,open,882,0,1040
pr,1600,todo,open,898,0,1040
pr,1600,todo,open,915,0,1040
pr,1600,todo,close,0,0,1040
pr,1600,todo,close,1,0,1040
pr,1600,todo,close,16,0,1123
pr,1600,todo,close,33,0,1201
pr,1600,todo,close,50,0,1273
pr,1600,todo,close,67,0,1340
pr,1600,todo,close,83,0,1401
pr,1600,todo,close,100,0,1456
pr,1600,todo,close,116,0,1504
pr,1600,todo,close,133,0,1544
pr,1600,todo,close,150,0,1575
pr,1600,todo,close,166,0,1595
pr,1600,todo,close,183,0,1600
pr,1600,todo,close,200,0,1600
pr,1600,todo,close,216,0,1600
pr,1600,todo,close,233,0,1600
pr,1600,todo,close,250,0,1600
pr,1600,todo,close,266,0,1600
pr,1600,todo,close,283,0,1600
pr,1600,todo,close,300,0,1600
pr,1600,todo,close,316,0,1600
pr,1600,todo,close,333,0,1600
pr,1600,todo,close,350,0,1600
pr,1600,todo,close,366,0,1600
pr,1600,todo,close,383,0,1600
pr,1600,todo,close,400,0,1600
pr,1600,todo,close,416,0,1600
pr,1600,todo,close,433,0,1600
pr,1600,todo,close,450,0,1600
pr,1600,todo,close,466,0,1600
pr,1600,todo,close,483,0,1600
pr,1600,todo,close,500,0,1600
pr,1600,todo,close,516,0,1600
pr,1600,todo,close,533,0,1600
pr,1600,todo,close,550,0,1600
pr,1600,todo,close,566,0,1600
pr,1600,todo,close,583,0,1600
pr,1600,todo,close,600,0,1600
pr,1600,todo,close,616,0,1600
pr,1600,todo,close,634,0,1600
pr,1600,todo,close,650,0,1600
pr,1600,todo,close,666,0,1600
pr,1600,todo,close,683,0,1600
pr,1600,todo,close,700,0,1600
pr,1600,todo,close,716,0,1600
pr,1600,todo,close,733,0,1600
pr,1600,todo,close,750,0,1600
pr,1600,todo,close,766,0,1600
pr,1600,todo,close,788,0,1600
pr,1600,todo,close,800,0,1600
pr,1600,todo,close,816,0,1600
pr,1600,todo,close,833,0,1600
pr,1600,todo,close,850,0,1600
pr,1600,todo,close,866,0,1600
pr,1600,todo,close,883,0,1600
pr,1600,todo,close,900,0,1600
pr,1600,todo,close,916,0,1600
